City ID,City,Country,Lat,Lng,Temperature,Humidity,Clouds,Wind Speed
3421719,Narsaq,GL,60.9167,-46.05,37.4,65,90,12.66
3443061,Chui,UY,-33.6971,-53.4616,66.47,89,55,6.89
2035601,Mergen,CN,49.1833,125.2167,13.14,73,100,22.03
1282898,Pokhara,NP,28.2333,83.9833,63.37,32,23,5.5
3369157,Cape Town,ZA,-33.9258,18.4232,64.09,77,0,18.41
5122534,Jamestown,US,42.097,-79.2353,33.67,29,1,5.95
2015306,Tiksi,RU,71.6872,128.8694,-21.21,95,96,8.05
1507390,Dikson,RU,73.5069,80.5464,-28.17,99,80,6.87
5882953,Aklavik,CA,68.2191,-135.0107,-5.8,65,75,13.8
5866583,Saint Paul Harbor,US,57.79,-152.4072,35.6,48,75,9.22
2022572,Khatanga,RU,71.9667,102.5,-26.03,97,100,8.43
5847411,Kahului,US,20.8947,-156.47,74.64,69,40,8.05
5970478,Harbour Breton,CA,47.4833,-55.7983,24.93,65,96,4.76
3423146,Ilulissat,GL,69.2167,-51.1,30.2,55,98,20.71
2450173,Taoudenni,ML,22.6783,-3.9836,73.56,18,1,13.04
6201424,Mataura,NZ,-46.1927,168.8643,55.0,75,76,24.0
1855612,Nara,JP,34.6851,135.8049,47.86,87,75,5.75
2092164,Lorengau,PG,-2.0226,147.2712,85.33,62,100,6.89
1734705,Kuala Terengganu,MY,5.3302,103.1408,75.11,88,20,3.44
4032243,Vaini,TO,-21.2,-175.2,78.8,83,75,9.22
3833367,Ushuaia,AR,-54.8,-68.3,42.8,42,75,31.07
2012530,Zhigansk,RU,66.7697,123.3711,-7.22,97,100,15.95
3652764,Puerto Ayora,EC,-0.7393,-90.3518,80.6,78,75,16.11
5983720,Iqaluit,CA,63.7506,-68.5145,-20.2,63,20,12.66
5106841,Albany,US,42.6001,-73.9662,26.42,22,0,10.0
4030556,Rikitea,PF,-23.1203,-134.9692,81.27,71,2,6.69
1513491,Yangi Marg`ilon,UZ,40.4272,71.7189,26.6,86,69,4.61
6255012,Flinders,AU,-34.5833,150.8552,64.85,86,58,1.99
5855927,Hilo,US,19.7297,-155.09,76.15,54,40,4.61
6089245,Norman Wells,CA,65.282,-126.8329,1.4,71,75,4.61
4726521,San Patricio,US,28.017,-97.5169,73.47,83,90,9.22
3874787,Punta Arenas,CL,-53.15,-70.9167,41.0,65,20,26.46
964420,Port Elizabeth,ZA,-33.918,25.5701,60.8,88,0,4.61
415189,Aden,YE,12.7794,45.0367,77.85,70,46,20.76
3698359,Chicama,PE,-7.8447,-79.1469,73.4,88,40,8.05
6170031,Tuktoyaktuk,CA,69.4541,-133.0374,-2.2,78,75,13.8
1651591,Amahai,ID,-3.3333,128.9167,84.0,88,99,1.01
1855540,Naze,JP,28.3667,129.4833,71.6,64,75,12.66
2155415,New Norfolk,AU,-42.7826,147.0587,53.47,62,81,1.01
2112802,Hasaki,JP,35.7333,140.8333,50.7,71,75,8.05
2618795,Klaksvík,FO,62.2266,-6.589,41.0,93,90,14.97
3466165,Cidreira,BR,-30.1811,-50.2056,73.53,78,55,10.07
2068110,Kununurra,AU,-15.7667,128.7333,78.8,89,90,8.05
3412093,Vestmannaeyjar,IS,63.4427,-20.2734,44.51,73,99,22.3
2181625,Te Anau,NZ,-45.4167,167.7167,52.48,69,74,3.33
2110227,Butaritari,KI,3.0707,172.7902,81.91,76,56,14.97
5924351,Clyde River,CA,70.4692,-68.5914,-9.4,84,40,23.02
2071860,Esperance,AU,-33.8667,121.9,60.8,82,6,14.97
5975004,High Level,CA,58.5169,-117.136,21.2,58,20,10.36
1524801,Shīeli,KZ,44.1667,66.75,16.39,85,86,6.62
4020109,Atuona,PF,-9.8,-139.0333,80.04,69,18,10.13
3883457,Lebu,CL,-37.6167,-73.65,56.16,81,45,5.73
6185377,Yellowknife,CA,62.456,-114.3525,-1.07,71,1,10.36
3692029,Saposoa,PE,-6.934,-76.7716,77.0,94,75,4.61
1797595,Qinhuangdao,CN,39.9317,119.5883,37.58,32,0,3.29
2075265,Busselton,AU,-33.65,115.3333,62.87,49,48,5.01
3640226,Guanare,VE,9.0418,-69.7421,77.0,73,60,3.44
1497337,Kayerkan,RU,69.3497,87.7602,-33.43,96,30,1.23
2264923,Peniche,PT,39.3558,-9.3811,54.41,71,87,3.0
6121621,Revelstoke,CA,50.9832,-118.2023,46.4,49,1,14.97
1819729,Hong Kong,HK,22.2855,114.1577,69.17,87,99,9.48
1282256,Hithadhoo,MV,-0.6,73.0833,83.26,65,55,8.21
2738381,Lata,PT,40.1629,-8.3327,53.94,76,0,1.14
1696482,Pagudpud,PH,18.5616,120.7868,78.8,83,75,3.44
1067565,Beloha,MG,-25.1667,45.05,74.07,78,0,9.06
4031742,Egvekinot,RU,66.3167,-179.1667,-1.8,87,76,6.44
6137462,Saint-Augustin,CA,51.226,-58.6502,5.14,85,69,11.52
2729907,Longyearbyen,SJ,78.2186,15.6401,-4.0,71,40,2.3
5848280,Kapaa,US,22.0752,-159.319,75.87,78,20,14.97
3728474,Cap-Haïtien,HT,19.7578,-72.2042,75.33,71,30,11.68
2108502,Honiara,SB,-9.4333,159.95,84.65,65,52,3.24
64013,Bosaso,SO,11.2842,49.1816,76.46,73,36,5.66
1515029,Ulaangom,MN,49.9811,92.0667,-0.22,68,47,3.09
1272892,Dhār,IN,22.6,75.3,71.49,21,0,7.78
1630723,Poso,ID,-1.3959,120.7524,79.0,77,82,5.41
2070998,Geraldton,AU,-28.7667,114.6,78.8,24,40,16.11
2126682,Bilibino,RU,68.0546,166.4372,-10.43,83,45,3.06
2206939,Bluff,NZ,-46.6,168.3333,55.0,75,81,24.0
2194098,Ahipara,NZ,-35.1667,173.1667,69.24,72,100,0.63
3366880,Hermanus,ZA,-34.4187,19.2345,62.01,95,26,8.41
3393692,Itarema,BR,-2.9248,-39.9167,78.49,80,49,7.74
1267175,Khairābād,IN,27.5333,80.75,68.34,21,9,6.53
3459088,Laje,BR,-10.1833,-40.9667,77.94,48,89,4.79
933995,Souillac,MU,-20.5167,57.5167,77.0,88,40,3.44
2027806,Amazar,RU,53.858,120.875,-0.56,81,0,4.54
57000,Hobyo,SO,5.3505,48.5268,79.12,77,91,13.06
3382160,Cayenne,GF,4.9333,-52.3333,79.52,83,75,3.44
137268,Sūsangerd,IR,31.5608,48.1831,64.4,59,15,2.3
3471451,Arraial do Cabo,BR,-22.9661,-42.0278,78.8,78,40,9.22
8010683,Porto Santo,PT,33.072,-16.3415,59.0,72,40,10.36
2139521,Noumea,NC,-22.2763,166.4572,83.46,58,0,4.61
3141667,Roald,NO,62.5833,6.1333,33.85,75,75,9.22
2264557,Ponta do Sol,PT,32.6667,-17.1,56.7,67,20,16.11
1787409,Yangmei,CN,24.1023,112.5618,63.93,91,90,2.24
935215,Saint-Philippe,RE,-21.3585,55.7679,74.82,73,0,6.91
5767918,Pierre,US,44.3683,-100.351,34.32,93,90,11.5
3985710,Cabo San Lucas,MX,22.8909,-109.9124,72.36,30,1,10.36
3831208,Qaanaaq,GL,77.484,-69.3632,-8.7,62,0,5.03
4791259,Virginia Beach,US,36.8529,-75.978,41.31,36,90,5.75
2514651,Los Llanos de Aridane,ES,28.6585,-17.9182,59.41,59,90,14.97
2137773,Vao,NC,-22.6667,167.4833,76.57,80,46,13.38
4255151,Bud,US,39.447,-86.1758,34.0,93,99,14.27
556268,Ostrovnoy,RU,68.0531,39.5131,22.77,94,92,2.15
1006984,East London,ZA,-33.0153,27.9116,70.72,75,100,13.94
3902377,La Santisima Trinidad,BO,-14.8333,-64.9,75.2,94,75,1.77
2094342,Kavieng,PG,-2.5744,150.7967,84.18,66,32,4.85
546105,Nikolskoye,RU,59.7035,30.7861,33.24,93,90,11.18
4565090,Guánica,PR,17.9716,-66.908,76.96,59,77,3.0
3761194,Miraflores,MX,19.2167,-98.8083,77.0,27,75,11.5
4513583,Hamilton,US,39.1834,-84.5333,33.66,86,90,18.41
2377457,Nouadhibou,MR,20.931,-17.0347,66.2,77,0,16.11
3449195,São Fidélis,BR,-21.6461,-41.7469,73.63,94,52,2.19
6165406,Thompson,CA,55.7435,-97.8558,44.6,42,75,11.5
3921141,Charagua,BO,-19.8,-63.2167,78.8,69,75,3.04
3414079,Olafsvik,IS,64.8945,-23.7142,41.4,83,99,14.34
3424607,Tasiilaq,GL,65.6145,-37.6368,22.23,90,100,35.3
3377301,Mabaruma,GY,8.2,-59.7833,75.56,84,100,5.28
1490256,Talnakh,RU,69.4865,88.3972,-33.63,97,9,2.08
8079926,Labuhan,ID,-6.8844,112.2051,77.32,88,43,3.87
1244926,Hambantota,LK,6.1241,81.1185,76.51,81,81,12.44
1267979,Kānt,IN,27.8,79.8,67.15,20,0,5.95
1082243,Ambilobe,MG,-13.2,49.05,73.87,94,100,1.97
6355222,Yulara,AU,-25.2406,130.9889,66.2,26,0,10.36
3139597,Sistranda,NO,63.7256,8.834,37.4,70,75,13.8
2180815,Tuatapere,NZ,-46.1333,167.6833,55.0,75,78,24.0
2163355,Hobart,AU,-42.8794,147.3294,55.17,62,75,8.05
3421193,Paamiut,GL,61.994,-49.6678,23.05,94,100,22.46
3939168,Huarmey,PE,-10.0681,-78.1522,75.69,72,81,9.82
2057087,Kupang,ID,-10.1667,123.5833,77.0,100,40,2.3
5546220,Saint George,US,37.1041,-113.5841,64.18,24,20,12.66
87205,Darnah,LY,32.767,22.6367,56.37,65,5,17.76
3391889,Pitimbu,BR,-7.4706,-34.8086,78.8,83,20,9.22
2156643,Mount Gambier,AU,-37.8333,140.7667,59.0,77,90,10.36
101312,Turaif,SA,31.6725,38.6637,60.8,44,0,8.05
708320,Horodnya,UA,51.8909,31.5974,35.87,98,100,7.0
2126199,Cherskiy,RU,68.75,161.3,-5.55,79,85,9.6
5849996,Lahaina,US,20.8783,-156.6825,74.79,83,75,9.22
3899695,Ancud,CL,-41.8697,-73.8203,53.26,88,90,2.3
2122090,Pevek,RU,69.7008,170.3133,-7.94,87,73,8.61
3146487,Raudeberg,NO,61.9875,5.1352,34.0,91,78,13.67
1649150,Bengkulu,ID,-3.8004,102.2655,76.87,88,98,4.45
2219235,Ubari,LY,26.5921,12.7805,57.06,32,0,10.96
962367,Richards Bay,ZA,-28.783,32.0377,74.95,89,36,10.71
711134,Burshtyn,UA,49.2587,24.6278,36.14,96,100,11.45
5880054,Barrow,US,71.2906,-156.7887,-0.4,71,90,23.02
4987673,Calhoun,US,42.2506,-85.0005,32.79,32,90,10.36
3836277,Santa Fe,AR,-31.6333,-60.7,79.81,32,79,12.8
3571913,Marsh Harbour,BS,26.5412,-77.0636,72.97,61,0,12.17
3422683,Kangaatsiaq,GL,68.3065,-53.4641,8.64,94,100,17.72
3977811,Minas de Barroterán,MX,27.6333,-101.2833,82.92,14,0,10.4
3839307,Rawson,AR,-43.3002,-65.1023,70.2,53,75,10.69
863061,Usinsk,RU,65.9939,57.5281,24.3,95,99,13.0
1512019,Aksarka,RU,66.5606,67.7975,12.58,95,100,4.27
4031574,Provideniya,RU,64.3833,-173.3,14.0,79,0,2.24
3445026,Vila Velha,BR,-20.3297,-40.2925,78.03,78,20,8.05
2814853,Wald-Michelbach,DE,49.57,8.8317,38.28,79,53,1.99
964432,Port Alfred,ZA,-33.5906,26.891,66.0,93,92,1.99
3137469,Sørland,NO,67.667,12.6934,38.68,62,0,8.97
5955902,Fort Nelson,CA,58.8053,-122.7002,26.6,59,75,2.3
1509844,Boguchany,RU,58.3814,97.4531,10.29,96,98,5.55
986717,Kruisfontein,ZA,-34.0033,24.7314,64.0,94,100,7.29
3653015,Playas,EC,-2.6333,-80.3833,80.38,79,90,6.98
2017155,Saskylakh,RU,71.9167,114.0833,-24.59,96,96,3.47
3628473,San Cristobal,VE,7.7669,-72.225,77.0,83,40,2.3
4035715,Avarua,CK,-21.2078,-159.775,82.4,78,20,13.8
3430863,Mar del Plata,AR,-38.0023,-57.5575,71.91,73,0,6.91
2112309,Katsuura,JP,35.1333,140.3,58.59,51,40,26.46
4034551,Faanui,PF,-16.4833,-151.75,82.67,73,86,10.51
3372760,Praia da Vitória,PT,38.7333,-27.0667,59.0,94,75,4.9
1735634,Kuching,MY,1.55,110.3333,75.11,94,20,2.3
2074865,Carnarvon,AU,-24.8667,113.6333,78.8,83,32,8.05
3448903,São João da Barra,BR,-21.6403,-41.0511,77.25,85,82,13.53
6078372,Moose Factory,CA,51.2585,-80.6094,23.0,36,1,12.66
2253354,Dakar,SN,14.6937,-17.4441,68.0,83,7,13.8
3430443,Necochea,AR,-38.5473,-58.7368,77.14,43,94,11.5
1015776,Bredasdorp,ZA,-34.5322,20.0403,57.2,94,8,3.44
5044290,Saint Anthony,US,45.0205,-93.218,29.7,86,90,8.05
921786,Mitsamiouli,KM,-11.3847,43.2844,82.11,73,32,4.72
5364271,Laguna,US,38.421,-121.4238,54.27,47,40,9.22
1485904,Yermakovskoye,RU,53.2831,92.4003,14.65,84,100,6.35
2171099,Codrington,AU,-38.2667,141.9667,58.59,74,93,9.22
3646382,Carupano,VE,10.6678,-63.2585,76.41,90,59,8.81
3686255,Cimitarra,CO,6.3142,-73.9497,79.05,85,99,1.95
2121025,Srednekolymsk,RU,67.45,153.6833,-2.94,76,100,3.8
2062276,Roebourne,AU,-20.7833,117.1333,83.95,54,67,2.33
797213,Pervomayskoye,RU,43.919,46.7102,41.36,70,100,24.05
1174451,Keti Bandar,PK,24.1447,67.4497,74.57,80,0,15.19
3355672,Lüderitz,NA,-26.6481,15.1594,63.41,77,0,24.0
2214846,Misratah,LY,32.3754,15.0925,57.36,63,16,14.07
4993659,Garden City,US,42.3256,-83.331,31.73,29,90,14.97
6139289,Salaberry-de-Valleyfield,CA,45.2501,-74.1325,18.34,42,36,6.91
64814,Bandarbeyla,SO,9.4942,50.8122,78.13,80,78,12.03
7117100,Vila,PT,42.0304,-8.1588,51.01,74,17,1.01
934479,Grand Gaube,MU,-20.0064,57.6608,77.0,85,9,3.0
10722858,Forsytheganj,BY,52.6333,29.7333,34.05,94,100,8.32
2338669,Igbo-Ora,NG,7.4333,3.2833,79.66,72,36,7.65
2121385,Severo-Kuril'sk,RU,50.6789,156.125,36.41,98,100,24.92
2013921,Ust-Kuyga,RU,70.0167,135.6,-18.27,90,100,2.91
3372472,Vila Franca do Campo,PT,37.7167,-25.4333,60.8,94,40,6.91
4734350,Stephenville,US,32.2207,-98.2023,78.33,12,1,10.36
1529651,Altay,CN,47.8667,88.1167,15.57,85,65,1.74
107304,Buraidah,SA,26.326,43.975,73.4,38,40,5.75
2458334,Douentza,ML,14.9951,-2.9517,73.6,18,0,4.79
617076,Edineţ,MD,48.1681,27.305,36.0,91,100,5.99
2027109,Barguzin,RU,53.6167,109.6167,1.99,85,100,4.38
2090021,Namatanai,PG,-3.6667,152.4333,84.31,63,91,3.42
1650298,Bangkalan,ID,-7.0455,112.7351,78.8,94,20,4.61
3373652,Oistins,BB,13.0667,-59.5333,78.8,69,20,11.5
2409783,Bunumbu,SL,8.1667,-10.8667,76.06,85,62,2.46
5282297,Bethel,US,41.3712,-73.414,28.31,28,0,7.58
2338876,Ifo,NG,6.8144,3.1958,82.4,83,40,9.22
3511626,Bayaguana,DO,18.7564,-69.6362,78.87,73,40,9.22
3526756,Isla Mujeres,MX,21.2311,-86.731,80.15,69,40,13.8
1709108,Katubao,PH,5.8892,124.8294,81.57,79,14,1.5
1486321,Yar-Sale,RU,66.8333,70.8333,10.13,96,97,6.31
5972291,Havre-St-Pierre,CA,50.2334,-63.5986,5.0,43,1,17.27
3372707,Ribeira Grande,PT,38.5167,-28.7,60.67,89,0,12.33
286621,Salalah,OM,17.0151,54.0924,73.4,40,0,5.75
4036284,Alofi,NU,-19.0595,-169.9187,84.2,79,40,8.05
2961459,Skibbereen,IE,51.55,-9.2667,48.2,93,75,8.05
2067119,Mandurah,AU,-32.55,115.7,71.01,40,80,12.77
934322,Mahébourg,MU,-20.4081,57.7,77.0,88,40,3.44
1789647,Xichang,CN,27.8964,102.2634,51.67,75,11,1.1
532600,Lyubim,RU,58.3625,40.6843,30.58,93,96,7.9
2176639,Batemans Bay,AU,-35.7167,150.1833,63.32,73,1,1.99
3397315,João Câmara,BR,-5.5375,-35.8197,80.6,74,40,9.22
124291,Mehrān,IR,33.1222,46.1646,48.2,66,0,2.3
974670,Mondlo,ZA,-27.983,30.7177,56.75,87,17,3.4
4231997,Avera,US,33.194,-82.5271,66.7,63,90,13.8
5563839,Fortuna,US,40.5982,-124.1573,48.07,53,90,25.32
3466704,Castro,BR,-24.7911,-50.0119,64.76,88,60,0.74
1213855,Sibolga,ID,1.7427,98.7792,76.91,87,97,3.11
3728097,Les Cayes,HT,18.2,-73.75,76.19,79,46,1.86
2126123,Chokurdakh,RU,70.6333,147.9167,-4.61,97,100,8.55
3403687,Camocim,BR,-2.9022,-40.8411,77.61,86,90,8.81
1106677,Bambous Virieux,MU,-20.3428,57.7575,77.0,88,40,3.44
682863,Cămărzana,RO,48.0,23.3167,40.35,93,90,2.3
1502750,Kommunisticheskiy,RU,61.6789,64.4819,13.98,93,63,5.73
5850554,Makakilo City,US,21.3469,-158.0858,77.94,65,1,17.27
1503527,Khovu-Aksy,RU,51.1333,93.6,6.04,83,100,1.23
3421765,Nanortalik,GL,60.1432,-45.2371,31.46,95,100,11.1
1487332,Verkhnyaya Inta,RU,65.9811,60.3094,23.04,90,99,13.78
5742974,North Bend,US,43.4065,-124.2243,47.95,61,1,17.27
2031964,Darhan,MN,49.4867,105.9228,17.37,83,100,0.58
3401188,Curuçá,BR,-0.7289,-47.8481,75.15,95,68,4.21
1735106,George Town,MY,5.4112,100.3354,79.39,89,40,3.44
3873441,Rengo,CL,-34.4167,-70.8667,62.6,77,75,8.05
2192362,Christchurch,NZ,-43.5333,172.6333,64.33,67,75,24.16
2123814,Leningradskiy,RU,69.3833,178.4167,-1.57,81,98,3.18
293842,Kiryat Gat,IL,31.61,34.7642,55.38,100,0,1.01
287286,Muscat,OM,23.6139,58.5922,75.2,88,0,2.3
1132495,Nahrin,AF,36.0649,69.1334,39.87,81,57,0.29
779554,Honningsvåg,NO,70.9821,25.9704,21.2,79,20,10.36
2643044,Margate,GB,51.3813,1.3862,41.07,79,82,8.5
1803886,Lianran,CN,24.9227,102.485,55.38,50,0,8.95
3397675,Jaguaribe,BR,-5.8906,-38.6219,80.94,59,58,4.68
1687894,Santa Rosa,PH,14.3122,121.1114,80.55,83,75,3.38
2126710,Beringovskiy,RU,63.05,179.3167,2.16,74,0,6.02
4190953,Dawson,US,31.7735,-84.4466,77.92,47,90,5.75
3393536,Olinda,BR,-8.0089,-34.8553,78.8,69,75,10.36
778707,Mehamn,NO,71.0357,27.8492,21.2,79,20,10.36
3647444,Calabozo,VE,8.9242,-67.4293,88.29,45,91,7.7
4031637,Lavrentiya,RU,65.5833,-171.0,17.74,92,86,3.65
6180550,Whitehorse,CA,60.7161,-135.0538,26.17,50,40,14.97
5367788,Lompoc,US,34.6391,-120.4579,49.37,58,75,20.71
3598825,Chahal Guatemala,GT,15.75,-89.5667,84.81,58,11,5.64
3393471,Oriximiná,BR,-1.7656,-55.8661,79.56,79,100,3.53
1519924,Kushmurun,KZ,52.4503,64.6311,-1.64,86,26,10.2
2120530,Tomari,RU,47.7658,142.0683,39.42,58,12,6.38
2186111,Ngunguru,NZ,-35.6167,174.5,71.01,82,100,1.99
371745,Kutum,SD,14.2,24.6667,69.84,9,0,7.29
2063042,Port Hedland,AU,-20.3167,118.5667,78.8,78,59,8.05
2455290,Kidal,ML,18.4411,1.4078,74.86,16,0,5.39
3374083,Bathsheba,BB,13.2167,-59.5167,78.8,69,20,11.5
4960771,Chesterville,US,44.5512,-70.0862,11.64,47,0,1.01
1847947,Shingū,JP,33.7333,135.9833,60.8,77,75,3.44
2331447,Maiduguri,NG,11.8464,13.1603,82.6,12,98,6.06
4787440,Staunton,US,38.1496,-79.0717,43.5,24,90,4.61
2063523,Perth,AU,-31.9333,115.8333,72.84,30,0,12.66
1631637,Pemangkat,ID,1.1667,108.9667,76.06,91,60,5.1
1106643,Quatre Cocos,MU,-20.2078,57.7625,77.0,88,40,3.44
3459435,Juquitiba,BR,-23.9317,-47.0683,71.87,78,40,9.22
6167817,Torbay,CA,47.6666,-52.7314,23.67,80,90,1.05
53654,Mogadishu,SO,2.0371,45.3438,79.79,81,95,15.66
2222230,Sangmélima,CM,2.9333,11.9833,67.86,97,81,4.83
3460960,Itabira,BR,-19.6192,-43.2269,66.27,97,41,1.99
2755249,Province of Groningen,NL,53.25,6.75,41.29,87,75,8.05
352733,Marsá Maţrūḩ,EG,31.3525,27.2453,55.4,88,0,5.75
510347,Pestravka,RU,52.405,49.9583,12.38,85,24,11.05
2109701,Auki,SB,-8.7676,160.7034,85.26,61,35,0.78
2026160,Borogontsy,RU,62.6683,131.1683,-6.21,96,75,5.88
3577430,Road Town,VG,18.4167,-64.6167,77.0,78,40,11.5
1264976,Leh,IN,34.1667,77.5833,20.19,65,92,4.54
1821935,Ta Khmau,KH,11.4833,104.95,77.0,83,20,8.05
2980080,Saint-François,FR,46.4154,3.9054,42.44,87,75,8.05
2654728,Bridlington,GB,54.0831,-0.1919,41.34,78,100,1.99
4946620,Palmer,US,42.1584,-72.3287,26.44,19,20,17.27
3347019,Mossamedes,AO,-15.1961,12.1522,76.03,81,91,4.14
5859699,College,US,64.8569,-147.8028,11.66,67,90,1.16
6063191,Mackenzie,CA,55.2999,-123.1698,33.8,37,1,13.8
2645988,Ivybridge,GB,50.3904,-3.9191,48.78,92,17,7.49
2446796,Bilma,NE,18.6853,12.9164,78.93,15,0,11.61
3694112,Paita,PE,-5.0892,-81.1144,80.6,69,40,9.22
1790959,Taicheng,CN,38.731,113.228,34.02,30,22,3.6
2206874,Waipawa,NZ,-41.4122,175.5153,64.06,88,90,24.16
1585660,Cho Dok,VN,10.7,105.1167,71.65,90,43,4.65
2208248,Kaitangata,NZ,-46.2817,169.8464,53.01,79,51,4.0
5557293,Sitka,US,57.0531,-135.33,37.4,87,90,10.36
4944903,Nantucket,US,41.2835,-70.0995,25.84,39,1,17.27
3141548,Rognan,NO,67.0953,15.3878,28.67,91,60,3.91
934649,Cap Malheureux,MU,-19.9842,57.6142,77.0,84,11,1.99
2122614,Okha,RU,53.5739,142.9478,27.81,83,0,4.81
5554072,Juneau,US,58.3019,-134.4197,28.71,86,90,17.27
3895061,Chimbarongo,CL,-34.7,-71.05,63.84,67,90,5.75
1278969,Along,IN,28.1667,94.7667,59.38,90,10,1.77
556463,Imeni Vorovskogo,RU,55.7233,38.3414,33.8,93,75,2.24
6111862,Port Hardy,CA,50.6996,-127.4199,41.7,60,40,5.75
338345,Edd,ER,13.9297,41.6925,84.09,32,0,21.94
1235846,Matara,LK,5.9485,80.5353,74.79,87,93,5.73
1628884,Sampit,ID,-2.5333,112.95,74.95,95,77,1.32
2174444,Bowen,AU,-20.0167,148.2333,82.4,74,82,5.75
1817858,Babu,CN,24.4167,111.5167,69.46,89,68,2.91
1685422,Sulangan,PH,11.1373,123.7228,81.61,78,95,6.33
88834,Tūkrah,LY,32.5341,20.5791,55.04,67,8,13.56
2635412,Truro,GB,50.2653,-5.0544,47.17,100,90,6.91
4439869,Olive Branch,US,34.9618,-89.8295,74.01,23,20,9.22
1714733,Dingle,PH,10.9995,122.6711,77.43,86,79,1.68
3418910,Upernavik,GL,72.7868,-56.1549,-4.36,86,64,15.75
1651810,Airai,TL,-8.9266,125.4092,63.72,90,96,1.16
3932145,Pisco,PE,-13.7,-76.2167,74.68,69,0,21.85
4845585,Westport,US,41.1415,-73.3579,30.63,19,1,11.5
3361934,Saldanha,ZA,-33.0117,17.9442,62.6,77,0,11.5
223816,Djibouti,DJ,11.5,42.5,78.8,69,20,4.61
237379,Ndélé,CF,8.4109,20.6473,79.27,58,83,8.55
6453355,Eina,NO,60.6295,10.5993,30.79,81,96,2.95
2391377,Tchaourou,BJ,8.8865,2.5975,83.14,42,47,8.25
935214,Saint-Pierre,RE,-21.3393,55.4781,75.04,73,0,6.91
698740,Odesa,UA,46.4775,30.7326,42.4,75,0,6.71
2158767,Mareeba,AU,-17.0,145.4333,81.93,70,75,5.75
935255,Sainte-Marie,RE,-20.8968,55.5496,74.57,78,20,11.5
2965482,Clara,IE,53.3425,-7.6139,49.35,87,100,5.99
174448,Abu Kamal,SY,34.4506,40.9171,63.41,24,3,9.57
5969025,Haines Junction,CA,60.7522,-137.5108,32.0,40,100,11.5
779350,Karasjok,NO,69.4719,25.5112,14.0,92,100,2.3
4345850,West Monroe,US,32.5185,-92.1476,80.38,44,1,14.97
1267390,Kavaratti,IN,10.5669,72.642,82.22,72,89,8.05
747793,Durusu,TR,41.3053,28.6767,50.0,87,75,10.36
1059507,Marovoay,MG,-16.1,46.6333,80.6,89,20,4.61
541647,Krasnyy Kut,RU,50.95,46.9667,19.72,77,91,11.5
112656,Tonekābon,IR,36.8163,50.8738,44.6,87,90,3.83
1626936,Singaparna,ID,-7.3515,108.111,70.72,92,79,1.52
2017658,Preobrazheniye,RU,42.9019,133.9064,35.35,57,97,11.05
2038154,Changping,CN,40.2186,116.2197,36.37,51,0,2.24
3835869,Santiago del Estero,AR,-27.7951,-64.2615,86.04,47,36,7.65
5134295,Rome,US,43.2128,-75.4557,27.63,17,1,8.05
5993072,Kitimat,CA,54.0524,-128.6534,35.01,80,100,3.87
495915,Shalya,RU,57.2471,58.7298,17.37,92,100,11.41
664344,Uivar,RO,45.6581,20.9058,38.71,100,75,13.8
3833859,Tres Arroyos,AR,-38.3739,-60.2798,78.62,35,96,12.41
3470837,Barbosa Ferraz,BR,-24.03,-52.0117,78.8,61,40,4.61
110690,Faya,SA,18.3851,42.4509,60.78,47,0,3.22
1062553,Mahanoro,MG,-19.9,48.8,73.74,91,15,6.4
3693345,Pucallpa,PE,-8.3791,-74.5539,80.6,78,40,2.3
1626099,Sumenep,ID,-7.0167,113.8667,79.25,83,95,3.18
686090,Asău,RO,46.4333,26.4,37.2,93,90,8.05
3865086,Bahía Blanca,AR,-38.7196,-62.2724,82.02,39,96,4.05
1337605,Mahibadhoo,MV,3.7833,72.9667,82.85,70,86,6.58
3994469,Ojinaga,MX,29.5667,-104.4167,74.21,8,1,8.05
777019,Vardø,NO,70.3705,31.1107,27.63,86,75,8.05
2644122,Llandrindod Wells,GB,52.2416,-3.3787,46.33,89,97,3.06
1527497,Kyzyl-Suu,KG,42.3414,78.0056,27.7,75,60,4.7
2088122,Port Moresby,PG,-9.4431,147.1797,78.8,83,40,5.75
3374210,São Filipe,CV,14.8961,-24.4956,72.32,70,95,7.56
749795,Çan,TR,40.0333,27.0524,50.13,87,75,9.22
2063036,Port Lincoln,AU,-34.7333,135.8667,65.53,80,88,10.54
108410,Riyadh,SA,24.6877,46.7219,71.6,13,87,11.5
1809498,Guilin,CN,25.2819,110.2864,62.6,100,75,0.81
5928065,Cornwall,CA,45.0181,-74.7281,19.4,38,1,5.75
6126749,Rocky Mountain House,CA,52.3668,-114.9188,35.6,48,47,4.61
3404558,Cabedelo,BR,-6.9811,-34.8339,78.8,83,20,9.22
3887127,Iquique,CL,-20.2208,-70.1431,73.4,68,0,16.11
515879,Oktyabr'skiy,RU,54.4815,53.471,6.03,86,6,10.49
2023333,Kachug,RU,53.9606,105.8817,3.51,93,100,1.48
296852,Erzin,TR,36.9559,36.2,53.01,87,79,7.0
1634954,Mranggen,ID,-7.0268,110.5158,78.8,94,40,2.19
2324857,Pindiga,NG,9.9833,10.9333,79.97,34,45,6.35
1863997,Fukuechō,JP,32.6881,128.8419,64.4,88,75,13.8
2512177,Puertollano,ES,38.6871,-4.1073,46.71,61,0,3.44
218680,Boende,CD,-0.2167,20.8667,72.09,96,97,2.55
2161608,Kensington,AU,-33.9167,151.2167,66.7,82,75,16.11
3115824,Muros,ES,42.7762,-9.0603,48.74,82,54,1.01
2656847,Atherton,GB,53.5237,-2.4935,46.22,79,98,4.34
2169535,Dalby,AU,-27.1833,151.2667,64.4,77,90,16.11
3996737,Rodolfo Sánchez Taboada,MX,31.7167,-116.5667,55.0,60,79,7.0
5364022,La Palma,US,33.8464,-118.0467,56.75,54,40,23.02
3470338,Bataiporã,BR,-22.2953,-53.2711,74.77,85,59,3.49
2527087,Tiznit Province,MA,29.5833,-9.5,66.22,39,90,1.9
2315026,Kasongo-Lunda,CD,-6.4667,16.8167,70.97,97,100,1.72
1168700,Ormara,PK,25.2088,64.6357,74.05,77,0,8.75
1786855,Yatou,CN,37.15,122.3833,38.8,40,0,20.24
3893726,Constitución,CL,-35.3333,-72.4167,56.89,83,33,3.62
146214,Paphos,CY,34.7667,32.4167,58.62,82,40,3.44
2561668,Santa Cruz,MA,30.4202,-9.5982,55.4,94,0,4.61
3670218,San Andrés,CO,12.5847,-81.7006,82.4,69,40,11.5
1213500,Tebingtinggi,ID,3.3285,99.1625,77.0,88,40,2.82
157429,Kilindoni,TZ,-7.9139,39.6668,81.79,73,0,7.25
1528998,Yumen,CN,40.2833,97.2,26.83,22,0,13.91
2129376,Kushiro,JP,42.975,144.3747,42.8,49,75,3.44
215527,Kabinda,CD,-6.1333,24.4833,68.7,84,82,0.45
2647984,Great Yarmouth,GB,52.6083,1.7305,37.26,93,40,5.75
2374583,Bubaque,GW,11.2833,-15.8333,79.02,63,19,18.23
3448257,São Sebastião,BR,-23.76,-45.4097,76.66,92,39,2.1
2966356,Bantry,IE,51.6833,-9.45,48.2,93,75,8.05
2028164,Deputatsky,RU,69.3,139.9,-19.93,93,100,7.31
1712224,Guisijan,PH,11.0932,122.0461,79.14,76,44,3.4
4156404,Gainesville,US,29.6516,-82.3248,79.84,41,1,8.05
1316703,Kyaukse,MM,21.6,96.1333,66.2,72,0,1.92
3466980,Caravelas,BR,-17.7125,-39.2481,75.02,82,0,5.57
2013375,Vitim,RU,59.4511,112.5578,8.6,92,100,9.75
3893629,Coquimbo,CL,-29.9533,-71.3436,62.6,82,75,8.05
3664525,Codajás,BR,-3.8367,-62.0569,76.66,93,91,2.19
2128975,Nemuro,JP,43.3236,145.575,34.54,70,0,11.25
6453316,Tromsø,NO,69.6496,18.957,28.18,74,40,5.75
536156,Leninsk,RU,48.7119,45.1994,32.0,43,75,15.66
6620339,Karratha,AU,-20.7377,116.8463,83.62,53,86,3.4
2021017,Kysyl-Syr,RU,63.8986,122.7617,1.58,97,100,5.1
578842,Bashmakovo,RU,53.2133,43.0342,22.08,86,100,11.54
1738050,Marabu,MY,4.4148,114.0089,77.0,100,40,3.44
350203,Rosetta,EG,31.4044,30.4164,59.0,88,0,2.3
5097801,Fairview,US,40.8126,-73.999,36.36,14,1,10.36
2122493,Omsukchan,RU,62.5333,155.8,3.96,95,100,8.43
2022773,Khandyga,RU,62.6667,135.6,-13.58,96,16,2.62
189741,Lamu,KE,-2.2717,40.902,78.8,89,1,3.44
1835848,Seoul,KR,37.5683,126.9778,43.95,49,0,16.11
3516171,Barra de Tecoanapa,MX,16.5167,-98.75,82.22,66,0,10.83
3495137,Pedernales,DO,18.0384,-71.744,78.55,69,10,2.42
1507116,Dudinka,RU,69.4058,86.1778,-34.76,96,33,3.0
633221,Uusikaupunki,FI,60.8004,21.4084,30.2,100,90,5.75
1337607,Kudahuvadhoo,MV,2.6708,72.8944,82.4,72,83,7.45
3894426,Coyhaique,CL,-45.5752,-72.0662,57.2,51,20,8.05
733722,Ahtopol,BG,42.1,27.95,48.2,100,75,1.14
1786657,Yinchuan,CN,38.4681,106.2731,37.0,14,99,5.37
3533462,Acapulco de Juárez,MX,16.8634,-99.8901,84.2,65,40,8.05
6180285,Whitecourt,CA,54.1502,-115.6855,35.6,38,1,9.22
3451242,Rio Branco do Sul,BR,-25.19,-49.3142,66.65,88,20,5.75
2457161,Gao,ML,16.6362,1.637,77.67,17,0,5.53
1795632,Shenjiamen,CN,29.9576,122.298,58.01,91,83,5.08
2093685,Kokopo,PG,-4.352,152.2633,82.78,67,95,3.58
6144312,Sept-Îles,CA,50.2001,-66.3821,8.6,40,20,13.8
1491230,Sovetskiy,RU,61.3614,63.5842,12.9,93,86,4.85
610091,Chingirlau,KZ,51.095,54.0814,2.21,76,0,7.14
2521582,Arona,ES,28.0996,-16.681,61.07,68,40,12.66
361058,Alexandria,EG,31.2156,29.9553,59.0,88,0,2.3
5554428,Ketchikan,US,55.3422,-131.6461,35.6,100,90,18.41
3583446,San Miguel,SV,13.4833,-88.1833,89.62,49,0,8.05
2122104,Petropavlovsk-Kamchatskiy,RU,53.0452,158.6483,28.4,80,75,2.24
70979,Sayyan,YE,15.1718,44.3244,54.45,24,0,2.95
1650232,Banjar,ID,-8.19,114.9675,77.0,94,20,2.3
3451241,Rio Brilhante,BR,-21.8019,-54.5464,78.64,64,41,4.32
5606401,Sandpoint,US,48.2766,-116.5533,47.34,57,1,10.36
2610343,Vestmanna,FO,62.1564,-7.1664,41.0,93,90,14.97
1630789,Pontianak,ID,-0.0333,109.3333,75.2,94,40,3.15
2019323,Nerchinskiy Zavod,RU,51.3088,119.61,-2.7,76,0,4.32
3625066,Zaraza,VE,9.3503,-65.3245,79.75,67,89,10.76
3405304,Bom Jesus,BR,-9.0744,-44.3586,74.46,86,9,2.8
2210554,Sirte,LY,31.2089,16.5887,57.97,66,1,14.03
3531368,Celestún,MX,20.8667,-90.4,79.68,76,0,15.01
4033557,Tautira,PF,-17.7333,-149.15,89.6,55,20,3.44
3580733,Bodden Town,KY,19.2833,-81.25,80.38,69,40,11.5
96994,Dahuk,IQ,36.8695,42.994,52.48,64,100,7.56
3419842,Sisimiut,GL,66.9395,-53.6735,7.81,95,96,17.54
2027316,Ayan,RU,56.45,138.1667,15.39,79,100,13.73
2270385,Camacha,PT,33.0833,-16.3333,59.0,72,40,10.36
1214488,Meulaboh,ID,4.1363,96.1285,77.5,87,100,2.95
2164129,Gympie,AU,-26.1898,152.665,68.0,87,100,7.0
1810845,Fuyang,CN,32.9,115.8167,51.57,71,88,12.1
5820705,Casper,US,42.8666,-106.3131,31.21,93,90,5.75
1052373,Beira,MZ,-19.8436,34.8389,74.48,82,0,1.68
2460954,Araouane,ML,18.9048,-3.5265,75.58,19,0,7.92
1637001,Luwuk,ID,-0.9516,122.7875,79.66,87,63,1.61
187725,Maralal,KE,1.0968,36.698,60.13,80,22,8.81
58933,Garoowe,SO,8.4054,48.4845,72.36,81,100,15.88
3145649,Moen,NO,69.1304,18.6123,26.6,93,90,2.3
3625929,Tucupita,VE,9.0622,-62.051,74.77,93,99,5.23
5905393,Bonavista,CA,48.6499,-53.1147,22.71,93,100,6.91
3381428,Iracoubo,GF,5.4802,-53.2011,76.93,82,91,11.97
654899,Kajaani,FI,64.2273,27.7285,32.0,100,90,4.61
523426,Naro-Fominsk,RU,55.3875,36.7331,33.78,93,90,4.47
5870133,Nome,US,64.5011,-165.4064,21.2,79,90,10.36
1502073,Krasnosel'kup,RU,65.7,82.4667,6.4,95,95,9.33
2629833,Husavik,IS,66.0449,-17.3389,32.0,93,90,11.5
2283016,Odienné,CI,9.51,-7.5692,81.88,24,2,2.3
1263968,Manali,IN,13.1667,80.2667,75.2,94,20,5.79
1606589,Samut Prakan,TH,13.5,100.45,82.54,83,20,6.91
1173889,Khipro,PK,25.8285,69.3772,73.2,32,0,6.6
1655124,Phonhong,LA,18.5007,102.4166,73.4,94,75,2.3
2127202,Anadyr,RU,64.75,177.4833,-4.56,71,0,24.61
3347353,Menongue,AO,-14.6585,17.691,64.49,96,100,2.42
2686469,Örnsköldsvik,SE,63.2909,18.7153,30.2,80,82,10.36
1255348,Surgāna,IN,20.5667,73.6167,70.2,24,0,2.01
1495144,Petrokamenskoye,RU,57.716,60.6484,16.5,90,38,8.34
1811260,Fengrun,CN,39.8333,118.1167,37.0,32,0,8.99
4333811,Morgan City,US,29.6994,-91.2068,71.6,100,90,5.75
1624725,Tarakan,ID,3.3,117.6333,80.2,81,75,5.19
368246,Raja,SS,8.4596,25.678,75.33,66,98,6.06
3006787,La Rochelle,FR,46.1667,-1.15,48.2,87,0,6.91
3521108,Progreso,MX,21.2833,-89.6667,93.09,36,75,9.22
3381538,Grand-Santi,GF,4.25,-54.3833,75.0,96,94,3.24
3372783,Ponta Delgada,PT,37.7333,-25.6667,60.8,94,40,6.91
3545841,Nuevitas,CU,21.5453,-77.2644,77.0,61,20,14.97
3380290,Sinnamary,GF,5.3833,-52.95,76.44,83,71,11.14
2027142,Barabash,RU,43.2,131.4833,33.8,51,15,4.47
3356832,Henties Bay,NA,-22.116,14.2845,61.0,91,0,5.01
2013727,Vanavara,RU,60.34,102.2797,4.46,97,98,6.53
2017042,Selikhino,RU,50.3672,137.4996,30.61,76,100,0.87
1633419,Padang,ID,-0.9492,100.3543,75.2,100,75,1.14
1651103,Atambua,ID,-9.1061,124.8925,75.92,81,100,2.64
2013176,Yakovlevka,RU,44.425,133.4772,31.5,71,62,6.73
2318123,Yenagoa,NG,4.9247,6.2642,77.81,82,100,7.11
2172797,Cairns,AU,-16.9167,145.7667,85.62,70,75,5.75
4111410,Fort Smith,US,35.3859,-94.3986,72.68,27,1,21.85
3175096,Laas,IT,46.6166,10.7002,31.42,74,75,6.91
895953,Zambezi,ZM,-13.5432,23.1047,65.25,96,94,4.85
3860443,Comodoro Rivadavia,AR,-45.8667,-67.5,64.4,59,0,5.75
3372964,Lagoa,PT,39.05,-27.9833,59.59,91,0,13.15
5884588,Amos,CA,48.5669,-78.1162,19.78,32,20,4.61
3449747,Santa Vitória do Palmar,BR,-33.5189,-53.3681,66.99,89,44,7.31
2022129,Kichera,RU,55.9375,110.0997,1.51,75,96,3.76
3386177,Trairi,BR,-3.2778,-39.2689,77.97,82,20,5.44
304919,Malatya Province,TR,38.5,38.0,42.8,93,90,3.44
161943,Gumdag,TM,39.2061,54.5906,32.63,69,100,29.91
2983360,Arrondissement de Roanne,FR,46.0,4.0,42.62,87,75,8.05
2172880,Byron Bay,AU,-28.65,153.6167,71.06,57,75,14.97
5391295,Salinas,US,36.6777,-121.6555,50.81,50,75,25.32
4160812,Key West,US,24.5557,-81.7826,77.47,65,1,11.5
4564070,Culebra,PR,18.303,-65.301,74.95,69,40,12.66
